id,dish_name,ticket_code,category,menu,description,allergy_raw,contains_dairy,contains_egg,contains_gluten,contains_shellfish,contains_fish,contains_soy,contains_nuts,contains_sesame,contains_msg,contains_peanuts,contains_tree_nuts,notes,mod_notes,cannot_be_made_safe_notes
shrimp_and_crab_bisque,Shrimp and Crab Bisque,CUP BISQUE/BOWL BISQUE,Appetizers,L & D,"A mixture of shrimp, crab, onions, carrots, celery, house oil , thyme, garlic, bay leaves, sherry, butter, flour, shrimp poaching liquid , clam juice, lobster base , heavy cream, tomato paste, Old Bay s easoning , salt and pepper. Garnished with corn, red peppers  and chives.  We offer both a bowl and a cup of soup.","Dairy, shellfish",Y,N,Y,Y,N,N,N,N,N,N,N,,,
baked_french_onion_soup,Baked French Onion Soup,CUP ONION SOUP/ONION SOUP,Appetizers,L & D,"Caramelized onions and butter simmered with white wine, chicken stock , sugar, house oil , salt, and pepper.  Topped with garlic crouton  and covered with Swiss and Asiago cheese s.  We offer both a bowl and a cup of soup.","Dairy, egg",Y,Y,Y,N,N,N,N,N,N,N,N,,,
mediterranean_chicken_skewers,Mediterranean Chicken Skewers,CHICKEN SKEWERS,Appetizers,L & D,"Two skewers of chicken breast pieces (5 pieces each on each; equaling about 10 oz. total), marinated in Mediterranean marinade .  Served with a drizzle of yogurt sauce , chicken jus  and a ramekin of yogurt sauce .",Dairy,Y,N,N,N,N,N,N,N,N,N,N,,,
baked_goat_cheese,Baked Goat Cheese,GOAT CHEEZ,Appetizers,L & D,"Two 2 oz . balls of domestic goat cheese (Wisconsin) with tomato basil sauce , topped with Japanese breadcrumbs and parsley.  Baked in the oven.  Served with flatbread ( flatbread  brushed with garlic puree , sprinkled with Asiago cheese  and parsley) and baked in the oven.",Dairy,Y,N,Y,N,N,N,N,N,N,N,N,,,
crispy_fried_calamari,Crispy Fried Calamari,CALAMARI,Appetizers,L & D,10 oz. calamari (squid) marinated in buttermilk then coated with seasoned flour  and deep fried.  Served on top of a garlic crouton  with a ramekin of ranch dressing  and a ramekin of cocktail sauce .  Garnished with a lemon wedge.,"Dairy, shellfish, MSG , egg",Y,Y,Y,Y,N,N,N,N,Y,N,N,,,
shrimp_cocktail,Shrimp Cocktail,SHRIMP CKT,Appetizers,L & D,"Five 13 -15 count Gulf shrimp, poached in shrimp poaching liquid , then peeled and chilled.  Served with side of cocktail sauce  with a dollop of horseradish .  Garnished with lemon wedges.",Shellfish,N,N,N,Y,N,N,N,N,N,N,N,,,
oven_roasted_lump_crab_cakes,Oven Roasted Lump Crab Cakes,CRAB CAKES,Appetizers,L & D,"Two 3 oz. crab cakes roasted to a golden brown in the oven.  The crab cake consists  of a mixture of saltin e crackers , super lump crab meat, Old Bay seasoning , parsley, mayonnaise , egg, Dijon musta rd, lemon j uice, Worcestershire sauce  and salt .  Served with a ramekin of mustard mayonnaise.   Garnished with a lemon wedge.","Dairy, shellfish , egg",Y,Y,Y,Y,Y,N,N,N,N,N,N,,,
applewood_smoked_bacon_wrapped_sea_scallops_skewers,Applewood Smoked Bacon Wrapped Sea Scallops Skewers,SCAL SKEWR,Appetizers,L & D,"Two skewers  of 3 scallops each equaling about 7 or 8 oz., wrapped in bacon  and skewered.  Roasted in the oven with cooking spray .  Served with apricot dipping sauce .  Garnished with a lemon wedge and chives.",Shellfish,N,N,N,Y,N,N,N,N,N,N,N,,,
field_salad,Field Salad,"SIDE FIELD, SM FIELD, LG FIELD",Salads,L & D,"Field greens , sliced cucumbers, tomato wedges  and shredded carrots served with choice of dressing on side. Dressing choices: citrus lime vinaigrette , ranch , balsamic vinaigrette , red wine vinaigrett e, blue cheese dressing, lemon P armesan vinaigrette , lemon herb vinaigrette , or Caesar .",,N,N,N,N,N,N,N,N,N,N,N,,,
caesar_salad,Caesar  Salad,SIDE CAESAR/CAESAR/LG CAESAR,Salads,L & D,"Romaine lettuce tossed with croutons , Parmesan cheese and Caesar dressing (anchovy, garlic, lemon juice, Dijon mustard , Asiago cheese, pasteurized egg yolk, red wine vinegar, house oil , salt, pepper).  OFFER FRESH GROUND PEPPER.","Dairy, shellfish, egg",Y,Y,Y,Y,Y,N,N,N,N,N,N,,,
tuscan_kale_and_spinach_salad,Tuscan Kale and Spinach Salad,SIDE KALE/SM KALE/LG KALE,Pepper.,L & D,"Tuscan Kale and baby spinach tossed with Parmesan cheese, hard -boiled egg and lemon Parmesan v inaigrette (lemon juice, garlic, Dijon mustard , salt, pepper, hous e oil, extra virgin olive oil, P armesan cheese).  Sprinkled with spicy pumpkin seeds  (tossed house oil and black pepper, cumin, chili powder, cayenne pepper, salt, then roasted). OFFER FRESH GROUND PEPPER.","Dairy, eggs",Y,Y,N,N,N,N,N,N,N,N,N,,,
greek_salad,Greek Salad,SIDE GREEK/SM GREEK/LG GREEK,Offer Fresh Ground Pepper.,L & D,"Chopped iceberg and romaine lettuces tossed with tomatoes, cucumbers, garbanzo beans, celery, red onion, Kalamata  olives, d ill, feta, chopped pepperoncini  and red wine  vinaigrette .  OFFER FRESH GROUND PEPPER.",Dairy,Y,N,N,N,N,N,N,N,N,N,N,,,
steak_and_blue_cheese_salad,Steak and Blue Cheese Salad,STEAKHOUSE,Offer Fresh Ground Pepper.,L,"Field greens and romaine tossed with  tomatoes, cucumbers, scallions  and balsamic vinaigrette .  Topped with blue cheese crumbles, crispy onions  and a drizzle of ranch dressing .  Served with a  6 oz. Coulotte steak seasoned with garlic puree , olive oil  and Wildfire 8 spice  and broiled to medium rare to medium, then sliced.  OFFER FRESH GROUND PEPPER .","Dairy, shellfish, egg",Y,Y,N,Y,N,N,N,N,N,N,N,,,
wildfire_chopped_salad,Wildfire Chopped Salad,SM CHOP SALAD/LG CHOP SALAD,Ground Pepper .,L &D,"Chopped iceberg and romaine lettuces with bacon , tomatoes, corn tortilla squares, blue cheese crumbles, scallions, chicken breast that has been marinated in herb chicken marinade  and roa sted and diced , fresh corn  and avoca do. Tossed in a citrus lime vinaigrette  (dry mustard, sugar, garlic, lime juice, red wine vinegar, oregano, al pastor marinade , kosher salt, house oil ).  OFFER FRESH GROUND PEPPER.","Dairy, shellfish",Y,N,N,Y,N,N,N,N,N,N,N,,,
add_roasted_wild_mushrooms_or_applewood_smoked_bacon_to_any_burger_for_2_00_each_thick_prime_angus_burger_cheeseburger,Add roasted wild mushrooms  or Applewood smoked bacon  to any burger for $2.00 each Thick Prime Angus Burger /Cheeseburger,HAMBURGER/CH BURGER,Sandwiches: Prime Burgers,L & D,"8 oz.  ground beef  seasoned with salt and pepper, then grilled to desired temperature.   Served on a buttered and toasted sesame seed bun  with lettuce and tomato.  Served with French fries, coleslaw  and a ramekin of ketchup. Choice of American, yellow cheddar, jalapeno jack, Swiss , blue cheese  crumbles  or white cheddar  for cheeseburger.",Dairy,Y,N,Y,N,N,N,N,Y,N,N,N,,,
all_natural_turkey_burger,All Natural Turkey Burger,TURKEY BURGER,Sandwiches: Prime Burgers,L & D,"5.33 oz. all natural ground turkey burger  seasoned with char-crust  and grilled.  Topped with white cheddar cheese and roasted onions .  Served on a buttered and toasted sesame seed bun  with yellow mustard  on the bottom of the bun, mayonnaise  on the top of the bun with lettuce and tomato.  Served with French fries, coleslaw  and a ramekin of ketchup.","Dairy, shellfish, egg",Y,Y,Y,Y,N,N,N,Y,N,N,N,,,
crispy_hot_honey_chicken_sandwich,Crispy Hot Honey Chicken Sandwich,HOT HONEY CHICK,Sandwiches: Signatures,L,"5-6 oz. chicken breast in fried chicken batter  and fried chicken flour , then fried.  Tossed in hot honey sauce .  Serv ed on a buttered and toasted sesame seed bun  with jalapeno jack cheese melted on bottom bun, lettuce, Bubbies  bread and butter pickles  with spicy mayo  on top half of bun.  Served with French fries, coleslaw and a ramekin of ketchup.","Dairy, shellfish, egg",Y,Y,Y,Y,N,N,N,Y,N,N,N,,,
grilled_chicken_club,Grilled Chicken Club,CHIX CLUB,Sandwiches: Signatures,L & D,"5 oz. chicken breast brined  and marinated with mustard mayonnaise .  Then grilled and topped with avocado , bacon , jalapeno jack c heese  and mustard mayonnaise .  Served on a buttered and toasted sesame seed bun  with lettuce and tomato.  Served with French fries, coleslaw  and a ramekin of ketchup.","Dairy, shellfish, egg",Y,Y,Y,Y,N,N,N,Y,N,N,N,,,
roasted_prime_rib_french_dip,Roasted Prime Rib French Dip,FRENCH DIP,Sandwiches: Signatures,L & D,"6 oz. sliced Prime Rib (medium rare to medium) served on buttered and toasted buttery onion bun.  Served with a soup cup of au jus , horseradish cream sauce , coleslaw, French fries and a ramekin of ketchup.","Dairy, egg",Y,Y,N,N,N,N,N,N,N,N,N,,,
blackened_new_york_strip_steak_sandwich,Blackened New York Strip Steak Sandwich,STEAK SAND,Sandwiches: Signatures,L & D,"6 oz. New York s trip pounded and brushed with melted butter and seasoned with blackening spice  then grilled medium rare to medium.  Served on butter ed and toasted buttery onion bun  with white cheddar cheese, arugula, ancho mayo  and tomatoes.  Served with French fries, coleslaw  and a ramekin of ketchup.","Egg, dairy",Y,Y,Y,N,N,N,N,N,N,N,N,,,
sliced_turkey_sandwich,Sliced Turkey Sandwich,TURKEY SAND,Sandwiches: Signatures,L,"4 oz. of sliced turkey served on buttered and toasted multi -grain  bread  with honey Dijon mustard , arugul a, tomatoes, cucumbers, avocado  and white cheddar  cheese .  Served with French fries, coleslaw and a ramekin of ketchup.","Dairy, egg",Y,Y,Y,N,N,N,N,N,N,N,N,,,
center_cut_by_master_butchers_from_the_finest_midwestern_beef_tenderloin_basil_hayden_s_bourbon_marinated_tenderloin_tips,Center cut by Master Butchers from the finest Midwestern beef tenderloin. Basil Hayden’s Bourbon Marinated Tenderloin Tips,BASIL TIPS,Filet Mignon,L & D,"Tenderloin tips in a bourbon marinade .  Broiled to desired temperature.  Brushed with steak butter .  Two 4 oz. tips at lunch, three 4 oz. tips at dinner.  Served with au jus  and roasted onions .  Served with choice of side.","Dairy, shellfish",Y,N,N,Y,N,N,N,N,N,N,N,,,
petite_filet_mignon_filet_mignon,Petite Filet Mignon/Filet Mignon,PETITE/FILET,Filet Mignon,L & D,"Filet mignon brushed with melted butter and seasoned with salt and pepper, then broiled to desired temperature. Topped with steak butter  and served on a garlic crouton  with au jus . The lunch and dinner petite filets are 7 oz. The dinner filet is 10 oz.  Served with choice of side.","Dairy, shellfish",Y,N,Y,Y,N,N,N,N,N,N,N,,,
horseradish_crusted_filet,Horseradish Crusted Filet,HORSE FILET,Filet Mignon,D,"Filet mignon brushed with melted butter and seasoned with salt and pepper.  Wrapped in bacon, broiled and topped with a horseradish crust .  Served on a garlic crouton  with au jus  and a side of horseradish cream sauce .  The dinner portion is a 10 oz. portion.  Served with choice of side.  Garnished with parsley.  A lunch portion is available with a 7 oz. filet.",Dairy,Y,N,N,N,N,N,N,N,N,N,N,,,
filet_medallion_duo_filet_medallion_trio,Filet Medallion Duo/Filet Medallion Trio,DUO/TRIO,Filet Mignon,L (Duo)/D (Trio),"3 oz. f ilet medallions brushed with melted butter and seasoned with salt and pepper.  Broiled to desired temperature and topped with the guest choice of crust s (two or t hree choices).  Crust choices are Horseradish , Blue Cheese , Parmesan , Mushroom , Garlic  (GF) or Peppercorn  (GF).  Duo = two filets.  Trio = three filets.  Served with au jus . Served with choice of side.",Dairy,Y,N,N,N,N,N,N,N,N,N,N,,,
tenderness_and_taste_brushed_with_our_seasoning_blend_and_broiled_over_glowing_embers_to_your_preferred_temperature_mushroom_crusted_fancy_pork_chops,"tenderness and taste, brushed with our seasoning blend and broiled over glowing embers to your preferred temperature Mushroom Crusted Fancy Pork Chops",PORK CHOPS,Steaks And Chops,L & D,"All natural boneless pork rib chops brined for 8 hours (sugar, salt, water, fresh oranges, garlic, rosemary, thyme, black peppercorns, crushed red chilies).  Broiled to medium and topped with mushroom crust  and browned under broiler.  The lunch portion is one 8 oz. chop.  The dinner portion is two 8 oz. chops.  Served with au jus  and a choice of side.",Dairy,Y,N,N,N,N,N,N,N,N,N,N,,,
roumanian_skirt_steak,Roumanian Skirt Steak,SKIRT STEAK,Steaks And Chops,D,"12 oz. c enter cut skirt steak marinated in steak marinade , then grilled to desired temperature.  Brushed with steak butter  and served with au jus.   Garnished with roasted red onions .  Served with choice of side.  L unch portion is available upon request with a 6 oz. pi ece.","Dairy, shellfish",Y,N,N,Y,N,N,N,N,N,N,N,,,
porterhouse,Porterhouse,PORTERHOUSE,Steaks And Chops,D,"The “King” of steaks.  22 oz. porterhouse is two steaks i n one.  One side is a New York strip and the other is a filet mignon.  The steak is brushed with melted butter, seasoned with salt, p epper  and char-crust,  then broiled to desired temperature.  Topped with steak butter  and au jus.   Served with choice of side.","Dairy, shellfish",Y,N,N,Y,N,N,N,N,N,N,N,,,
char_crust_bone_in_rib_eye,Char -Crust  Bone -In Rib Eye,RIB EYE,Steaks And Chops,D,20 oz. beef “prime rib” chop brushed with melted butter and seasoned with salt and pepper and char-crust. Broiled to desired temperature .  Topped with steak butter  and au jus .  Served with choice of side.,"Dairy, shellfish",Y,N,N,Y,N,N,N,N,N,N,N,,,
broiled_lamb_porterhouse_chops,Broiled Lamb Porterhouse Chops,LAMB CHOPS,Steaks And Chops,D,Three 6 oz. Colorado lamb porterhouse chops (part filet and part New York with bone) brushed with melted butter and se asoned with salt and pepper and char–crust. Broiled to order.  Topped with steak butter  and au jus .  Served with mint chimichurri  on the side .  Served with choice of side.,"Dairy, shellfish",Y,N,N,Y,N,N,N,N,N,N,N,,,
oscar_style_added_onto_any_steak,Oscar Style – Added onto any steak,AD OSCAR,Steaks And Chops,D,"Steak is topped with 2 oz. crab meat warmed with a little butter, béarnaise sauce  and 4 oz. blanched asparagus (butter, salt, pepper).","Shellfish, egg, dairy",Y,Y,N,Y,N,N,N,N,N,N,N,,,
roasted_prime_rib,ROASTED PRIME RIB,OF BEEF AU JUS,Steaks And Chops,D,"“King of Roasts” is rubbed with fresh garlic, sea salt, cracked black pepper and slow roasted for six hours and served with horseradish sauce To provide our guests with the best cut of prime rib possible; all of our prime rib is roasted to medium rare to medium.  Rar e is not available (suggest a rib -eye).  If the guest would like well done, we recommend an end cut. Roasted Prime Rib of Beef  10 OZ PRIME/16 OZ PRIME/22 OZ PRIME",Dairy,Y,N,N,N,N,N,N,N,N,N,N,,,
is_not_available_suggest_a_rib_eye_if_the_guest_would_like_well_done_we_recommend_an_end_cut_roasted_prime_rib_of_beef,"is not available (suggest a rib -eye).  If the guest would like well done, we recommend an end cut. Roasted Prime Rib of Beef",10 OZ PRIME/16 OZ PRIME/22 OZ PRIME,Roasted Prime Rib  Of Beef Au Jus,D,"The prime ribs are rubbed with house oil , fresh minced garlic, kosher salt, and black pepper.  It is then seared in the oven and slow roasted.  Served with horseradish cream sauce  and au jus.   At lunch the guest has a choice of an 8 oz. (Lunch Cut) or 10 oz. (Regular Cut).  At dinner the guest has a choice of a 10 oz. (Regular Cut), 16 oz. (Queen Cut), or 22 oz. (King Cut) portion.  All served with a choice of side.",Dairy,Y,N,N,N,N,N,N,N,N,N,N,,,
coconut_shrimp,Coconut Shrimp,COCO SHRP,Fresh Fish And Seafood,L & D,"16-20 count shrimp are butterflied and then dipped in seasoned flour , lightly beaten eggs whites, and coconut crumbs ( garlic butter , parsley, Japanese bread crumbs , shredded coconut).  Seared on a skillet in the oven.  Served with a ramekin of coconut dipping sauce (reduced coconut milk, dark brown sugar, rice wine vinegar, San J Tamari , ginger, chili paste), which is garnished with fresh chives.  Served with a lemon wedge.  Dinner - 8 shrimp; Lunch - 6 shrimp; Add to entrée - 3 shrimp.  Lunch and dinner entrees served with choice of side.","Dairy, shellfish, egg",Y,Y,Y,Y,N,Y,N,N,N,N,N,,,
cedar_planked_salmon,Cedar Planked Salmon,SALMON,Fresh Fish And Seafood,L & D,"Farm raised Atlantic salmon from Canada .  Brushed with BBQ chicken spice .  Baked in the oven on a cedar plank. Glazed with brown sugar, San J Tamari , Dijon  mustard  and butter.  At lunch it is a 6 oz. portion.  At dinner it is an 8 oz. portion.  Served with a choice of side.",Dairy,Y,N,N,N,N,N,N,N,N,N,N,,,
east_coast_scallops_de_jonghe,East Coast Scallops De Jonghe,SCALLOP DEJONGHE,Fresh Fish And Seafood,D,"8 scallops equaling 8 oz. (20 count) are placed in a pasta boat with clam juice and topped with the DeJonghe crust . Baked in the oven. S erved with parsley, lemon wedge  and choice of side.","Dairy, shellfish",Y,N,Y,Y,N,N,N,N,N,N,N,,,
lump_crab_cakes,Lump Crab Cakes,CRAB CAKES,Fresh Fish And Seafood,L & D,6 oz. crab cake  roasted to a golden brown in the oven.  Lunch portion is one crab cake and dinner portion is two crab cakes.  Served with a ramekin of mustard mayonnaise and a lemon wedge .  Garnished with chives.  Served with choice of side.,"Dairy, shellfish, egg",Y,Y,N,Y,N,N,N,N,N,N,N,,,
wildfire_s_macadamia_nut_crusted_halibut,Wildfire’s Macadamia Nut Crusted Halibut,HALIBUT,Fresh Fish And Seafood,L & D,"Fresh Alaskan h alibut dipped in egg whites, seasoned flour , salt  and pepper.  Crusted with macadamia nuts, garlic butter, salt, pepper, parsley, and Japanese breadcrumbs .  Roasted in the oven with asparagus and served with lemon butter sauce .  Lunch portion is 5 oz.  Dinner portion is 7 oz. Served with choice of side.","Dairy, nuts, shellfish, egg",Y,Y,Y,Y,N,N,Y,N,N,N,N,,,
parmesan_crusted_cod,Parmesan Crusted Cod,COD,Fresh Fish And Seafood,L & D,"Fresh c od dipped in egg whites, seasoned flour , salt  and pepper.  Crusted with garlic breadcrumbs  and P armesan cheese.  Roasted in the oven with green beans and served with lemon b utter sauce  and dollops of tomato jam . Served with choice of side.  Lunch portion is 5 oz.  Dinner portion is 7 oz.","Dairy, shellfish, egg",Y,Y,Y,Y,N,N,N,N,N,N,N,,,
cornbread_crusted_cod,Cornbread Crusted Cod,COD,Fresh Fish And Seafood,L & D,"Fresh c od dipped in egg whites, seasoned flour , salt and pepper. Crusted with garlic breadcrumbs  and cornbread crumbs .  Roasted in the oven.  Served with blanched shaved Brussel s sprouts tossed in garlic butter , salt and pepper.  Served with cranberry lemon butter  (cranberry sauce , lemon butter sauce ).  Served with choice of side. Lunch portion is 5 oz.  Dinner portion is 7 oz.",Dairy,Y,N,Y,N,N,N,N,N,N,N,N,,,
spit_roasted_half_chicken,Spit Roasted Half Chicken,HERB CHICKEN,Chicken And Barbecue,L & D,"½ of a 3¾ pound chicken, marinated in the herb chicken marinade  (cayenne pepper, oregano, thyme, tarragon, curry powder , rosemary, garlic, salt, pepper, bay leaves, olive oil, dried onions, chicken stock , butter, Dijon  mustard ).  Spit roasted and served with chicken juice.   Served with choice of side.",Dairy,Y,N,N,N,N,N,N,N,N,N,N,,,
barbecued_chicken,Barbecued Chicken,BBQ CHICKEN,Chicken And Barbecue,L & D,"½ of a 3¾ pound chicken, marinated in the herb chicken marinade , spit roasted, rubbed with BBQ chicken spice  and brushed with BBQ sauce .  Served with BBQ sauce  and choice of side.","Dairy, shellfish",Y,N,N,Y,N,N,N,N,N,N,N,,,
lemon_pepper_chicken_breasts,Lemon Pepper Chicken Breasts,LEMON CHIX,Chicken And Barbecue,L & D,"Skin on, boneless chicken breast marinated in fresh lemon juice, melted butter, Lawry’s seasoning  and cracked black pepper.  Roasted in the oven.  Lunch portion is one 8 oz. breast, and the dinner portion is two 8 oz. breasts.  Served with a squeeze of fresh lemon, grilled lemon slice and chicken juice .  Served with a choice of side.",Dairy,Y,N,N,N,N,N,N,N,N,N,N,,,
barbecued_baby_back_ribs,Barbecued Baby Back Ribs,FULL RIBS/HALF RIBS,All Bbq Dishes Must Be Accompanied By A Bone Bowl,L & D,"Baby b ack pork ribs rubbed with BBQ rib spice  and hot smoked.  B roiled and basted with Wildfire BBQ sauce . Served with coleslaw, applesauce  and BBQ sauce .  A full slab is 1½ pounds (13 ribs).  A half slab is ¾ of a pound (6 - 7 ribs).  Served with a choice of side.","Dairy, shellfish",Y,N,N,Y,N,N,N,N,N,N,N,,,
chicken_baby_back_ribs_combo,Chicken & Baby Back Ribs Combo,BBQ COMBO,All Bbq Dishes Must Be Accompanied By A Bone Bowl,D,"Half slab of baby b ack ribs and ½ of a BBQ chi cken.  Served with coleslaw, applesauce  and BBQ sauce .  Served with a choice of side.","Dairy, shellfish",Y,N,N,Y,N,N,N,N,N,N,N,,,
limited_quantities_are_prepared_nightly_monday_tuesday_southern_fried_chicken,Limited quantities are prepared nightly Monday  & Tuesday: Southern Fried Chicken,FRIED CHICKEN,Nightly Specials,D,"Four pieces of chicken (breast, thigh, wing, and leg) dipped in fried chicken batter  and fried chicken seasoned flour and then deep fried.  Served with mashed potatoes , mushroom gravy , buttermilk biscuit , a ramekin of honey  and coleslaw.","Shellfish, dairy",Y,N,Y,Y,N,N,N,N,N,N,N,,,
wednesday_spit_roasted_half_long_island_duck,Wednesday: Spit Roasted Half Long Island Duck,LI DUCK,Nightly Specials,D,"One half of a 5 pound duck.  The duck is stuffed with onions and thyme and seasoned with salt, pepper and thyme. Slow roasted for two hours on the spit.  Brush ed with balsamic vinegar, honey  and orange zest glaze.  Served in a cherry sauce (honey, shallots, orange juice and zest, thyme, balsamic vinegar, cherry juice, duck stock , Door County cherries, corns tarch, butter, pepper) and wild rice  (blend of long grain, brown rice, sweet brown rice, wehani, black japonica, and wild rice pieces baked in the oven with onions, garlic, fresh thyme, butter, house oil , salt, pepper  and vegetable stock .  Mince d red peppers, corn  and peas are sautéed in house oil , salt and pepper and f olded into the rice blend with scallions and garlic butter ).",Dairy,Y,N,N,N,N,N,N,N,N,N,N,,,
thursday_beer_braised_short_ribs,Thursday: Beer Braised Short Ribs,SHORT RIBS,Nightly Specials,D,"12 oz. boneless beef short rib seasoned with house oil , salt, pepper and BBQ chicken spice .  Seared and then slowly braised for 3 hours with carrots, onions, celery, garlic, tomato paste, bay leaves, thyme, rosemary, IPA beer, tomatoes, chicken stock  and beef stock .  Served with reduced braising liquid (mixed with cornstarch and butter), roast ed root vegetables (turnips, parsnips, carrots, shallots, garlic, thyme, rosemary, salt, pepper, house oil ) and mashed potatoes.",Dairy,Y,N,N,N,N,N,N,N,N,N,N,,,
friday_saturday_filet_mignon_wellington,Friday % Saturday : Filet Mignon Wellington,BEEF WELLINGTON,Nightly Specials,D,"7 oz. f ilet brushed with melted butter and seasoned with salt and pepper, then seared.  Wrapped in puff pastry  with a mushroom crust .  Baked medium rare to medium and s erved with shallot  balsamic sauce , broccolini tossed with garlic butter  and A siago breadcrumbs ( Japanese breadcrumbs , garlic butter , Asiago cheese) and au gratin potatoes .",Dairy,Y,N,Y,N,N,N,N,N,N,N,N,,,
sunday_spit_roasted_turkey_dinner,Sunday: Spit Roasted Turkey Dinner,ROAST TURKEY,Nightly Specials,D,"Whole turkey breast brined  in water, salt  and sugar, then marinated in fresh herb marinade  and spit roasted.  Sliced into an 8 oz. portion.  Served with stuffing ( sourdough bread , butter, onions, celery, mushrooms, cayenne pepper, carrots, garlic, rosemary, sage, thyme, basil, salt, pepper, chicken base , chicken stock , eggs, cooking spray ), mashed potatoes , mushroom gravy  and a ramekin of cranberry sauce (cranberries, water, sugar, salt, Grand Marnier, Cognac).",Dairy,Y,N,Y,N,N,N,N,N,N,N,N,,,
french_fries,French Fries,FRIES,Sides,L & D,"Idaho russet potatoes hand cut with skins on, soaked in cold water and apple cider vinegar overnight, then blanched quickly in the fryer. Cooled and fried a second time for serving. Tossed with salt and pepper and served with a ramekin of ketchup.",Shellfish,N,N,N,Y,N,N,N,N,N,N,N,,,
red_skin_mashed_potatoes,Red Skin Mashed Potatoes,MASHED,Sides,L & D,"Red skin potatoes and Idaho russet potatoes (with skin) mashed with butter, half and half , whipping cream , salt  and pepper.",Dairy,Y,N,N,N,N,N,N,N,N,N,N,,,
steamed_broccoli_with_lemon_vinaigrette,Steamed Broccoli with Lemon Vinaigrette,BROCCOLI,Sides,L & D,5 oz. of steamed broccoli crowns served with lemon herb vinaigrette .,,N,N,N,N,N,N,N,N,N,N,N,,,
creamed_spinach,Creamed Spinach,SPINACH,Sides,L & D,"Mixture made from spinach, cre am, butter, flour, nutmeg, salt  and pepper.",Dairy,Y,N,Y,N,N,N,N,N,N,N,N,,,
au_gratin_potatoes,Au Gratin Potatoes,AU GRATIN,Sides,L & D,"Thinly sliced potatoes layered with cr eam, white cheddar cheese, salt  and pepper.  Baked slowly in oven.",Dairy,Y,N,N,N,N,N,N,N,N,N,N,,,
idaho_baked_potato,Idaho Baked Potato,BAKED POT,Sides,L & D,"40 count Idaho potato with rubbed with house oil , salt and pepper, baked  and spilt open.  Available with sour cream or butter or both on the side.  $1.95 additional with entrees  and sandwiches.",Dairy,Y,N,N,N,N,N,N,N,N,N,N,,,
bbq_rubbed_sweet_potato,BBQ Rubbed Sweet Potato,SWEET POT,Sides,L & D,"40 count sweet potato rubbed with BBQ chicken spice  and house oil , baked  and spit open.  Available with butter or brown sugar or both on the side.  $1.95 additional with entrees  and sandwiches.",Dairy,Y,N,N,N,N,N,N,N,N,N,N,,,
mac_and_cheese,Mac and Cheese,MAC & CHEESE,Sides,L & D,"Elbow macaroni  mixed with whipping cream , whole milk, Land o’Lakes Golden Velvet Yellow Cheese Spread . Topped with cheddar cheese slices and baked.  $1.95 additional with entrees  and sandwiches.",Dairy,Y,N,Y,N,N,N,N,N,N,N,N,,,
roasted_mushroom_caps,Roasted Mushroom Caps,MUSH CAPS,Sides,L & D,"Mushroom caps roasted with garlic, shallots, white wine, fresh thyme, chicken stock  and butter.  $3 .95 additional with entrees and sandwiches.",Dairy,Y,N,N,N,N,N,N,N,N,N,N,,,
applesauce,Applesauce,APPLESAUCE,Sides,L & D,"Apples mixed w ith corn syrup, cinnamon, sugar  and fresh lemon juice.",,N,N,N,N,N,N,N,N,N,N,N,,,
homemade_coleslaw,Homemade Coleslaw,COLESLAW,Sides,L & D,Cabbage and carrot mixed with coleslaw d ressing .,"Egg, d airy",N,Y,N,N,N,N,N,N,N,N,N,,,
triple_layer_chocolate_cake,Triple  Layer Chocolate Cake,CHOC CAKE,Desserts,L & D,"Chocolate cake (eggs, canola oil, milk, vanilla extract, flour, sugar, baking powder, baking soda, salt, cocoa powder, water), and chocolate icing ( chocolate pistoles , egg yolks, sugar, heavy whipping cream). The pan is sprayed with cooking spray .  Outside of the cake is coated in toasted cake crumbs.  Topped with hot fudge  and whipped cream . Ala mode is an option.","Dairy, egg",Y,Y,Y,N,N,N,N,N,N,N,N,,,
door_county_cherry_pie,Door County Cherry Pie,CHERRY PIE,Desserts,L & D,"Filling is a mixture of Door County cherries, sugar, c ornstarch, salt, almond extract  and Door County cherry juice. Placed in a pie crust shell  and topped with pie crust  topper .  Lightly brushed with a mix of egg and half and half  and sprinkled with sugar.  Served with whipped cream .","Dairy, Egg, nuts",Y,Y,Y,N,N,N,Y,N,N,N,N,,,
key_lime_pie,Key Lime Pie,KEY LIME,Desserts,L & D,"An individual pie made with a graham cracker crust  and real key lime filling (key lime juice, egg yolks, sweetened condensed milk, sugar, lemon juice).  Topped with whipped cream  and zest of lime.","Dairy, egg",Y,Y,Y,N,N,N,N,N,N,N,N,,,
jd_s_cheesecake,JD’s Cheesecake,CHEESECAKE,Desserts,L & D,"2 layer cheese cake with graham cracker  crust  bottom only crust ( graham crackers , butter, sugar), cream cheese filling (cream cheese, sugar, eggs, salt, vanilla), baked and chilled.  Topped with a sour cream topping (sour cream, sugar, vanilla) and baked briefly.  Served cold with a cherry sauce (Door County cherries, orange and cherry juice, sugar, cinnamon sticks, almond extract, cornstarch and water)","Dairy, Egg, nuts",Y,Y,Y,N,N,N,Y,N,N,N,N,,,
warm_chocolate_chip_cookie_skillet,Warm Chocolate Chip Cookie  Skillet,COOKIE,Desserts,L & D,"A chocolate chip cookie (butter, sugar, brown sugar, vanilla, eggs, flour, salt, baking powder, chocolate chips ) served warm with a scoop of vanilla ice cream,  topped with whipped cream  and hot fudge .","Dairy, Egg",Y,Y,Y,N,N,N,N,N,N,N,N,,,
seasonal_berries_crisp,Seasonal Berries Crisp,BERRIES CRISP,Desserts,L & D,"A mixture of raspberr ies, strawberries, blackberries  mixed with warm berry sauce  and topped with crumbles of oatmeal raisin cookies (butter, sugar, brown sugar, eggs, vanilla, Domata’s gluten free flour , baking soda, baking powder, salt, Bob’s Red Mill gluten free rolled oats, raisins).  Garnished with vanilla ice cream.","Dairy, Egg",Y,Y,Y,N,N,N,N,N,N,N,N,,,
flourless_chocolate_cake_birthday_dessert,Flourless Chocolate Cake/Birthday Dessert,BDAY DESSERT,Desserts,L & D,"A slice of flourless chocolate cake ( chocolate  pistoles , butter, eggs, sugar, vanilla, salt, cocoa powder) served with whipped cream  and hot fudge .  Pan sprayed with cooking spray .","Dairy, Egg",Y,Y,N,N,N,N,N,N,N,N,N,,,
grilled_cheese_and_fries,Grilled Cheese and Fries,KID GR CHEEZ,Kid’S Menu,L & D,"Two slices of multi -grain  bread  buttered on the outside.  Filled with thr ee slices of American cheese and b aked in the oven on a sizzle platter until golden brown.  Served with French fires, applesauce  and a ramekin of ketchup.","Dairy, shellfish",Y,N,Y,Y,N,N,N,N,N,N,N,,,
chicken_fingers_and_fries,Chicken Fingers  and Fries,KIDS CHICKEN,Kid’S Menu,L & D,"3 Kid ’s chicken f ingers  deep fried  and served French fries,  applesauce  and a ramekin of ketchup.",Shellfish,N,N,N,Y,N,N,N,N,N,N,N,,,
burger_cheeseburger_and_fries,Burger/Cheeseburger  and Fries,KIDS BURGER/KIDS CHEESEBURGER,Kid’S Menu,L & D,"4 oz. ground beef grilled to well done.  Cheeseburger is  topped with American cheese and s erved with French fries, applesauce  and a ramekin of ketchup.","Dairy , shellfish",Y,N,N,Y,N,N,N,N,N,N,N,,,
macaroni_and_cheese,Macaroni and Cheese,KID MAC & CHEZ,Kid’S Menu,L & D,"Elbow macaroni  mixed with whipping cream , whole milk, Land o’Lakes Velvet Yellow Cheese Spread .  Then topped with cheddar cheese slices and baked.  Served with applesauce .",Dairy,Y,N,Y,N,N,N,N,N,N,N,N,,,
available_upon_request_kids_filet_mashed_potato,Available upon request: Kids Filet & Mashed Potato,KIDS STEAK,Kid’S Menu,L & D,"Two 3 oz. f ilet medallions b rushed with melted butter, salt  and pepper.  Broiled to desired temperature and brushed with steak butter .  Served with au jus , mashed potatoes and applesauce .","Dairy , shellfish",Y,N,N,Y,N,N,N,N,N,N,N,,,
loaded_cottage_fries,Loaded Cottage Fries,LOADED COTTAGE,Items Not On The Menu (Secret Menu):,Secret,"Cottage fries  topped with salt, pepper, melted ch eddar cheese, bacon, sour cream  and chives.  Available as a sub or a side.","Dairy, shellfish",Y,N,N,Y,N,N,N,N,N,N,N,,,
fresh_mozzarella_flatbread,Fresh Mozzarella Flatbread,MOZZ PIZZA,Special Party Items  And Happy Hour :,PASE  and HH,"6 oz. homemade  flatbread  hand stretched.  Brushed with roasted garlic puree  and then topped with shredded fresh mozzarella, tomato jam  and fresh basil.",Dairy,Y,N,Y,N,N,N,N,N,N,N,N,,,
pasta_and_roasted_vegetable_pasta,Pasta  and Roasted Vegetable Pasta,PASTA  W/VEG,Special Party Items  And Happy Hour :,Secret/Club,8 oz. of pasta with garlic butter  and roasted vegetables .  Tossed with a tomato basil sauce  and topped with Asiago and goat cheeses.  Baked in the oven and g arnished with basil.,Dairy,Y,N,Y,N,N,N,N,N,N,N,N,,,
roasted_vegetable_vegan_plate,Roasted Vegetable Vegan Plate,VEGAN PLATE,Special Party Items  And Happy Hour :,Secret/Club,"One Portobello mushroom cap  marinated in balsamic vinaigrette , salt, pepper then grilled.  4 oz. of as paragus roasted and tossed with balsamic vinaigrette , salt  and pepper.  8 oz. of roasted market vegetables .  One half of a baked sweet potato .",,N,N,N,N,N,N,N,N,N,N,N,,,
cinnamon_dried_basil_ginger_puree_dried_tarragon_ketchup_tomato_paste_steak_sauce_worcestershire_sauce_molasses_san_j_tamari_water_red_wine_vinegar_lemon_juice_beef_base_pepper_chilies_balsamic_vinegar_dijon_mustard,"cinnamon, dried basil, ginger puree, dried tarragon, ketchup , tomato paste, steak sauce , Worcestershire  sauce , molasses, San J Tamari , water, red wine vinegar, lemon juice, beef base , pepper, chilies, balsamic vinegar, Dijon mustard",ALLERGY,Glossary,,"ALERT: dairy, shellfish, soy",,N,N,N,N,N,Y,N,N,N,N,N,,,
blue_cheese_dressing_mayonnaise_buttermilk_salt_pepper_blue_cheese_crumbles_tabasco_sauce,"BLUE CHEESE DRESSING:   mayonnaise , buttermilk, salt, pepper, blue cheese crumbles, tabasco sauce",ALLERGY,Glossary,,"ALERT: dairy, egg",,N,N,N,N,N,N,N,N,N,N,N,,,
cream_cheese_philadelphia_brand_pasteurized_milk_and_cream_salt_carob_bean_gum_cheese_culture,"CREAM CHEESE ( Philadelphia brand):  pasteurized milk and cream, salt,  carob bean gum, cheese culture",ALLERGY,Glossary,,ALERT: dairy,,N,N,N,N,N,N,N,N,N,N,N,,,
hydrolyzed_corn_gluten_leavening_sodium_bicarbonate_sodium_aluminum_phosphate_monocalcium_phosphate_maltodextrin_natural_flavor_onion_powder_soybean_oil_as_a_processing_aid_spices_wheat_gluten_yeast_extract,"hydrolyzed corn gluten, leavening (sodium bicarbonate, sodium aluminum phosphate, monocalcium phosphate), maltodextrin, natural flavor, onion powder, soybean oil (as a processing aid), spices, wheat gluten, yeast extract.",ALLERGY,Glossary,,"ALERT: soy, gluten",,N,N,N,N,N,Y,N,N,N,N,N,,,
mushroom_gravy_chicken_jus_butter_flour_beef_jus_whipping_cream_rosemary_roasted_wild_mushrooms,"MUSHROOM GRAVY:   chicken jus, butter, flour, beef jus , whipping cream, rosemary, roasted wild mushrooms",ALLE RGY,Glossary,,"ALERT: dairy, gluten, soy",,N,N,N,N,N,Y,N,N,N,N,N,,,
prepared_horseradish_budell_horseradish_distilled_vinegar_water_soybe_an_oil_salt_artificial_flavor,"PREPARED HORSERADISH (Budell):   horseradish, distilled vinegar, water, soybe an oil, salt, artificial flavor",ALLERGY,Glossary,,ALERT: soy,,N,N,N,N,N,N,N,N,N,N,N,,,
yogurt_sauce_greek_yogurt_extra_virgin_olive_oil_lemon_juice_garlic_basil_mint_salt_pepper_cucumber,"YOGURT SAUCE :  Greek yogurt, extra virgin olive oil, lemon juice, garlic, basil, mint, salt, pepper, cucumber",ALLERGY,Glossary,,ALERT: dairy,,N,N,N,N,N,N,N,N,N,N,N,,,
item,ITEM,IL 5/6/25 66 5/6/25  MN 5/6/25  VA 5/6/25,Items Not On The Menu And Aq Prices,,"Petite Horse Filet - dinner  51.95  53.95  52.95  51.95 Petite Horse Filet - lunch  40.95   42.95  40.95 Peppercorn Filet (crust only)  57.95  59.95  57.95  52.95 Filet Medallion Trio  44.95  49.95  46.95  44.95 Filet Medallion Oscar  59.95  64.95   59.95 Parmesan Crusted New York  56.95    55.95 Penne Pasta with Roasted Veg  17.95  18.95  18.95  18.95 Roasted Vegetable Vegan Plate  19.95  20.95  20.95  20.95 Add Coco shrimp (3 shrimp)  10.00   14.00  10.00 Add one medallion (add crust no extra charge)  15.00  16.00  16.00  15.00 Add 8 oz. burger patty  10.00  10.00  10.00  10.00 Add any cheese  1.00 1.00 1.00 1.00 Add crust (not peppercorn, or char -crust)  3.00 3.00 3.00 3.00 Add peppercorn crust (crust only)  No charge  No charge  No charge  No charge Add 6 mushroom caps  4.00 4.00 4.00 4.00 Add Scallop Skewer (1)  11.00  12.00  13.00  11.00 Add Jalapeno  1.00 1.00 1.00 1.00 Kids Steak – upon request only  26.95  28.95  29.95  29.95 Tomato and Blue Cheese Salad  9.95/16.95/30.95  9.95/16.95/30.95  9.95/16.95/30.95  9.95/16.95/30.95 Extra blue cheese for Chopped (1)  1.00 1.00 1.00 1.00 Extra avocado for Chopped (1)  2.00 2.00 2.00 2.00 Extra chop chix for Chopped (1)  3.00 3.00 3.00 3.00 Chop Salad everything on the side – C/O 2.00/4.00/6.00  2.00/4.00/6.00  2.00/4.00/6.00  2.00/4.00/6.00 Side of Fries  6.95 7.95  6.95 Side of Applesauce side  4.95 5.95 5.95 4.95 Side of Sautéed Spinach  7.95 7.95 7.95 7.95 Side Wild Rice  7.95 – Sun. only    7.95 – Wed only Sub/Side Loaded Mashed Potato  3.95/8.95  3.95/9.95  3.95/9.95  3.95/8.95 Sub/Side Asparagus  3.95/9.95  3.95/9.95  3.95/9.95  3.95/9.95 Sub/Side Green Beans  2.95/8.95  3.95/9.95  3.95/9.95  2.95/8.95 Loaded Cottage Fries     9.95 Sub/Side Fruit     3.95/9.95 Ala mode  2.00 2.00 2.00 2.00 Extra Dressing – Carryout (after one complimentary)  2.00 2.00 2.00 2.00 Bottles of Dressing  6.95 6.95 6.95 6.95 Cup/Bowl Soup of Day  5.95/7.95  6.95/9.95  6.50/8.95  5.95/7.95 Extra Flatbread  3.00 2.00 3.00 3.00 Extra Biscuit – with Fried Chicken  1.00 1.00 1.00 1.00 Add 1 piece Shrimp Cocktail  3.75 (83 only)   4.00 3.75 Surf ‘n Petite Filet  72.95 (83 only) Surf and Turf (10 oz. Filet)  82.95 (83 only) Lobster and Lobster  59.95 (83 only) Lobster tail  27.00 (83 only) 33",,N,N,N,N,N,N,N,N,N,N,N,,,
item,ITEM,IL 66 MN VA,Item  Il 5/6/25 66 5/6/25  Mn 5/6/25  Va 5/6/25,,"Sub chop salad  9.95 (83 only) Side Chopped Salad  13.95 (83 only)    12.95 Sub Caesar, Kale  6.95 (83 only) Eden Prairie/Tysons Only: Sub Onion Soup/Bisque for side    3.95 3.95 Tysons Only: Sub Caesar, Field Greens     3.95 Mozzarella Flatbread  14.95  14.95  14.95  14.95 Grilled Pepperoni Flatbread  16.95  16.95  16.95  16.95 Wild Mushroom Flatbread  16.95  16.95  16.95  16.95 BBQ Chicken Flatbread   16.95 C/O ½ Pan Cornbread     8.95 Lg. Creamed Spinach/Mashed/Roasted Veg/Broccoli     18.95 Lg. Mac and Cheese     17.95 Lg. Mushroom Caps     21.95 PP Cod  249.95  254.95  259.95  249.95 PP Halibut  305.95  345.95  315.95  305.95",,N,N,N,N,N,N,N,N,N,N,N,,,
eggs_benedict,Wildfire Eggs Benedict,EGGS BENEDICT,Brunch,Weekend Brunch,"Two poached eggs on English muffins topped with Canadian bacon and hollandaise sauce. Served with red skin mashed potatoes or fresh-cut french fries.",Dairy,Y,Y,Y,N,N,N,N,N,N,N,N,,,
classic_omelet,Classic Three-Egg Omelet,CLASSIC OMELET,Brunch,Weekend Brunch,"Three-egg omelet with choice of fillings: cheddar cheese, Swiss cheese, mushrooms, onions, peppers, tomatoes, spinach, bacon, ham, or sausage. Served with red skin mashed potatoes or fresh-cut french fries.",Dairy,Y,Y,N,N,N,N,N,N,N,N,N,,,
build_your_own_omelet,Build Your Own Omelet,BUILD OMELET,Brunch,Weekend Brunch,"Three-egg omelet with your choice of fillings: cheddar cheese, Swiss cheese, mushrooms, onions, peppers, tomatoes, spinach, bacon, ham, or sausage. Served with red skin mashed potatoes or fresh-cut french fries.",Dairy,Y,Y,N,N,N,N,N,N,N,N,N,,,
wildfire_pancakes,Wildfire Buttermilk Pancakes,PANCAKES,Brunch,Weekend Brunch,"Three fluffy buttermilk pancakes served with butter and maple syrup. Add chocolate chips for an additional charge.",Dairy,Y,Y,Y,N,N,N,N,N,N,N,N,,,
french_toast,French Toast,FRENCH TOAST,Brunch,Weekend Brunch,"Thick-cut brioche bread dipped in egg batter and griddled until golden brown. Served with butter, maple syrup, and fresh berries.",Dairy,Y,Y,Y,N,N,N,N,N,N,N,N,,,
steak_and_eggs,Steak and Eggs,STEAK EGGS,Brunch,Weekend Brunch,"7 oz. petite filet mignon cooked to your preference, served with two eggs any style, red skin mashed potatoes or fresh-cut french fries, and toast.",Dairy,Y,Y,Y,N,N,N,N,N,N,N,N,,,
smoked_salmon_benedict,Smoked Salmon Benedict,SALMON BENEDICT,Brunch,Weekend Brunch,"Two poached eggs on English muffins topped with smoked salmon, capers, red onions, and hollandaise sauce. Served with red skin mashed potatoes or fresh-cut french fries.",Dairy,Y,Y,Y,N,Y,N,N,N,N,N,N,,,
avocado_to